,Survived,Pclass,Age,SibSp,Parch,Fare,Embarked,Sex
0,0,3,22.0,1,0,2.1102132003465894,2,0
1,1,1,38.0,1,0,4.2805931204649,0,1
2,1,3,26.0,0,0,2.188856327665703,2,1
3,1,1,35.0,1,0,3.9908341858524357,2,1
4,0,3,35.0,0,0,2.2027647577118348,2,0
5,0,3,29.69911764705882,0,0,2.246892662898172,1,0
6,0,1,54.0,0,0,3.967694202798607,2,0
7,0,3,29.69911764705882,3,1,3.0944457464900235,2,0
8,1,3,27.0,0,2,2.495953738718064,2,1
9,1,2,14.0,1,0,3.436268471383741,0,1
10,1,3,4.0,1,1,2.8735646395797834,2,1
11,1,1,29.69911764705882,0,0,3.3160025355989236,2,1
12,0,3,20.0,0,0,2.2027647577118348,2,0
13,0,3,39.0,1,5,3.4742929367327062,2,0
14,0,3,14.0,0,0,2.180891922715322,2,1
15,1,2,29.69911764705882,0,0,2.833213344056216,2,1
16,0,3,29.69911764705882,4,1,3.405355391810819,1,0
17,1,2,29.69911764705882,0,0,2.6390573296152584,2,0
18,0,3,31.0,1,0,2.9444389791664403,2,1
19,1,3,29.69911764705882,0,0,2.1071782966514356,0,1
20,0,2,35.0,0,0,3.295836866004329,2,0
21,1,2,34.0,0,0,2.6390573296152584,2,0
22,1,3,15.0,0,0,2.2004637699272855,1,1
23,1,1,28.0,0,0,3.597312260588446,2,0
24,0,3,8.0,3,1,3.0944457464900235,2,1
25,1,3,38.0,1,5,3.4777725458882283,2,1
26,0,3,29.69911764705882,0,0,2.1071782966514356,0,0
27,0,1,19.0,3,2,5.575949103146316,2,0
28,1,3,29.69911764705882,0,0,2.1837114628556327,1,1
29,0,3,29.69911764705882,0,0,2.1855792552411137,2,0
30,0,1,40.0,0,0,3.357621598945279,0,0
31,1,1,29.69911764705882,1,0,4.993969182787072,0,1
32,1,3,29.69911764705882,0,0,2.169053700369523,1,1
33,0,2,29.69911764705882,0,0,2.4423470353692043,2,0
34,0,1,28.0,1,0,4.420896324687287,0,0
35,0,1,42.0,1,0,3.970291913552122,2,0
36,1,3,29.69911764705882,0,0,2.1076888046179385,0,0
37,0,3,21.0,0,0,2.2027647577118348,2,0
38,0,3,18.0,2,0,2.9444389791664403,2,1
39,1,3,14.0,1,0,2.5048481563289,0,1
40,0,3,40.0,1,0,2.348991465808201,2,1
41,0,2,27.0,1,0,3.091042453358316,2,1
42,0,3,29.69911764705882,0,0,2.1855792552411137,0,0
43,1,2,3.0,1,2,3.7513658711253766,0,1
44,1,3,19.0,0,0,2.1837114628556327,1,1
45,0,3,29.69911764705882,0,0,2.2027647577118348,2,0
46,0,3,29.69911764705882,1,0,2.803360380906535,1,0
47,1,3,29.69911764705882,0,0,2.169053700369523,1,1
48,0,3,29.69911764705882,2,0,3.1214482048688246,0,0
49,0,3,18.0,1,0,2.9338568698359038,2,1
50,0,3,7.0,4,1,3.705920919968788,2,0
51,0,3,21.0,0,0,2.174751721484161,2,0
52,1,1,49.0,1,0,4.353230991152628,0,1
53,1,2,29.0,1,0,3.295836866004329,2,1
54,0,1,29.69911764705882,0,1,4.142804513146981,0,0
55,1,1,29.69911764705882,0,0,3.597312260588446,2,0
56,1,2,21.0,0,0,2.4423470353692043,2,1
57,0,3,28.5,0,0,2.1076888046179385,0,0
58,1,2,5.0,1,2,3.3586377672433594,2,1
59,0,3,11.0,5,2,3.8691155044168695,2,0
60,0,3,22.0,0,0,2.1076888046179385,0,0
61,1,1,38.0,0,0,4.394449154672439,3,1
62,0,1,45.0,1,0,4.436455632600354,2,0
63,0,3,4.0,3,2,3.3638415951183864,2,0
64,0,1,29.69911764705882,0,0,3.357621598945279,0,0
65,1,3,29.69911764705882,1,1,2.7878344138303452,0,0
66,1,2,29.0,0,0,2.4423470353692043,2,1
67,0,3,19.0,0,0,2.2146605719425225,2,0
68,1,3,17.0,4,2,2.188856327665703,2,1
69,0,3,26.0,2,0,2.2682524139135403,2,0
70,0,2,32.0,0,0,2.4423470353692043,2,0
71,0,3,16.0,5,2,3.8691155044168695,2,1
72,0,2,21.0,0,0,4.310799125385514,2,0
73,0,3,26.0,1,0,2.737880811060884,0,0
74,1,3,32.0,0,0,4.05171190165724,2,0
75,0,3,25.0,0,0,2.157559320943788,2,0
76,0,3,29.69911764705882,0,0,2.1855792552411137,2,0
77,0,3,29.69911764705882,0,0,2.2027647577118348,2,0
78,1,2,29.69911764705882,0,2,3.4011973816621555,2,0
79,1,3,30.0,0,0,2.600836116795061,2,1
80,0,3,22.0,0,0,2.302585092994046,2,0
81,1,3,29.0,0,0,2.3513752571634776,2,0
82,1,3,29.69911764705882,0,0,2.1733302571367834,1,1
83,0,1,28.0,0,0,3.8732821771117156,2,0
84,1,2,17.0,0,0,2.4423470353692043,2,1
85,1,3,33.0,3,0,2.8243506567983707,2,1
86,0,3,16.0,1,3,3.5660053559634015,2,0
87,0,3,29.69911764705882,0,0,2.2027647577118348,2,0
88,1,1,23.0,3,2,5.575949103146316,2,1
89,0,3,24.0,0,0,2.2027647577118348,2,0
90,0,3,29.0,0,0,2.2027647577118348,2,0
91,0,3,20.0,0,0,2.180891922715322,2,0
92,0,1,46.0,1,0,4.1299529896894684,2,0
93,0,3,26.0,1,2,3.0715352369694915,2,0
94,0,3,29.69911764705882,0,0,2.1102132003465894,2,0
95,0,3,29.69911764705882,0,0,2.2027647577118348,2,0
96,0,1,29.69911764705882,0,0,3.57386695198272,0,0
97,1,1,23.0,0,1,4.164465907853638,0,0
98,1,2,34.0,0,1,3.1780538303479458,2,1
99,0,2,34.0,1,0,3.295836866004329,2,0
100,0,3,28.0,0,0,2.1855792552411137,2,1
101,0,3,29.69911764705882,0,0,2.1855792552411137,2,0
102,0,1,21.0,0,1,4.360387947851531,2,0
103,0,3,33.0,0,0,2.267393053825037,2,0
104,0,3,37.0,2,0,2.188856327665703,2,0
105,0,3,28.0,0,0,2.1855792552411137,2,0
106,1,3,21.0,0,0,2.157559320943788,2,1
107,1,3,29.69911764705882,0,0,2.1719067693519296,2,0
108,0,3,38.0,0,0,2.1855792552411137,2,0
109,1,3,29.69911764705882,1,0,3.224857896545748,1,1
110,0,1,47.0,0,0,3.970291913552122,2,0
111,0,3,14.5,1,0,2.737880811060884,0,1
112,0,3,22.0,0,0,2.2027647577118348,2,0
113,0,3,20.0,1,0,2.3818582738885534,2,1
114,0,3,17.0,0,0,2.738146075922933,0,1
115,0,3,21.0,0,0,2.188856327665703,2,0
116,0,3,29.69911764705882,0,0,2.169053700369523,1,0
117,0,2,29.0,1,0,3.091042453358316,2,0
118,0,1,24.0,0,1,5.515526544247129,0,0
119,0,3,29.69911764705882,4,2,3.4742929367327062,2,1
120,0,2,21.0,2,0,4.310799125385514,2,0
121,0,3,29.69911764705882,0,0,2.2027647577118348,2,0
122,0,2,32.5,1,0,3.436268471383741,0,0
123,1,2,32.5,0,0,2.6390573296152584,2,1
124,0,1,54.0,0,1,4.360387947851531,2,0
125,1,3,12.0,1,0,2.5048481563289,0,0
126,0,3,29.69911764705882,0,0,2.169053700369523,1,0
127,1,3,24.0,0,0,2.0969990034181696,2,0
128,1,3,29.69911764705882,1,1,3.1509523813392697,0,1
129,0,3,45.0,0,0,2.076311648670908,2,0
130,0,3,33.0,0,0,2.1855792552411137,0,0
131,0,3,20.0,0,0,2.0856720914304723,2,0
132,0,3,47.0,1,0,2.740840023925201,2,1
133,1,2,29.0,1,0,3.295836866004329,2,1
134,0,2,25.0,0,0,2.6390573296152584,2,0
135,0,2,23.0,0,0,2.775447133088262,0,0
136,1,1,19.0,0,2,3.3062747934011893,2,1
137,0,1,37.0,1,0,3.9908341858524357,2,0
138,0,3,16.0,0,0,2.3240236363515288,2,0
139,0,1,24.0,0,0,4.384523514872469,0,0
140,0,3,29.69911764705882,0,2,2.7878344138303452,0,1
141,1,3,22.0,0,0,2.169053700369523,2,1
142,1,3,24.0,1,0,2.8243506567983707,2,1
143,0,3,19.0,0,0,2.0476928433652555,1,0
144,0,2,18.0,0,0,2.5257286443082556,2,0
145,0,2,19.0,1,1,3.6309854756950335,2,0
146,1,3,27.0,0,0,2.174274334826008,2,0
147,0,3,9.0,2,2,3.5660053559634015,2,1
148,0,2,36.5,0,2,3.295836866004329,2,0
149,0,2,42.0,0,0,2.6390573296152584,2,0
150,0,2,51.0,0,0,2.6045398247325453,2,0
151,1,1,22.0,1,0,4.213607983048918,2,1
152,0,3,29.69911764705882,0,0,2.2027647577118348,2,0
153,0,3,40.5,0,2,2.740840023925201,2,0
154,0,3,29.69911764705882,0,0,2.1177604059819726,2,0
155,0,1,51.0,0,1,4.133231886474144,0,0
156,1,3,16.0,0,0,2.167143305297764,1,1
157,0,3,30.0,0,0,2.2027647577118348,2,0
158,0,3,29.69911764705882,0,0,2.2682524139135403,2,0
159,0,3,29.69911764705882,8,2,4.256321678298823,2,0
160,0,3,44.0,0,1,2.8390784635086144,2,0
161,1,2,40.0,0,0,2.8183982582710754,2,1
162,0,3,26.0,0,0,2.1719067693519296,2,0
163,0,3,17.0,0,0,2.2682524139135403,2,0
164,0,3,29.69911764705882,4,1,3.705920919968788,2,0
165,1,3,9.0,0,2,3.0692150503137943,2,0
166,1,1,29.69911764705882,0,1,4.02535169073515,2,1
167,0,3,45.0,1,4,3.3638415951183864,2,1
168,0,1,29.69911764705882,0,0,3.2930552230424524,2,0
169,0,3,28.0,0,0,4.05171190165724,2,0
170,0,1,29.69911764705882,0,0,3.5409593240373143,2,0
171,0,3,4.0,4,1,3.405355391810819,1,0
172,1,3,29.69911764705882,1,1,2.495953738718064,2,1
173,0,3,21.0,0,0,2.188856327665703,2,0
174,0,1,29.69911764705882,0,0,3.4561841799918147,0,0
175,0,3,18.0,1,1,2.180891922715322,2,0
176,0,3,29.69911764705882,3,1,3.275887339030031,2,0
177,0,1,50.0,0,0,3.391567832686312,0,1
178,0,2,30.0,0,0,2.6390573296152584,2,0
179,0,3,36.0,0,0,0.0,2,0
180,0,3,29.69911764705882,8,2,4.256321678298823,2,1
181,0,2,29.69911764705882,0,0,2.775708849576025,0,0
182,0,3,9.0,4,2,3.4777725458882283,2,0
183,1,2,29.69911764705882,2,1,3.6888794541139363,2,0
184,1,3,4.0,0,2,3.1365805821413706,2,1
185,0,1,29.69911764705882,0,0,3.9318256327243257,2,0
186,1,3,29.69911764705882,1,0,2.803360380906535,1,1
187,1,1,45.0,0,0,3.3160025355989236,2,0
188,0,3,40.0,1,1,2.803360380906535,1,0
189,0,3,36.0,0,0,2.1855792552411137,2,0
190,1,2,32.0,0,0,2.6390573296152584,2,1
191,0,2,19.0,0,0,2.6390573296152584,2,0
192,1,3,19.0,1,0,2.180891922715322,2,1
193,1,2,3.0,1,1,3.295836866004329,2,0
194,1,1,44.0,0,0,3.357621598945279,0,1
195,1,1,29.69911764705882,0,0,4.993969182787072,0,1
196,0,3,29.69911764705882,0,0,2.169053700369523,1,0
197,0,3,42.0,0,1,2.2411563979973974,2,0
198,1,3,29.69911764705882,0,0,2.169053700369523,1,1
199,0,2,24.0,0,0,2.6390573296152584,2,1
200,0,3,28.0,0,0,2.3513752571634776,2,0
201,0,3,29.69911764705882,8,2,4.256321678298823,2,0
202,0,3,34.0,0,0,2.0143428636837015,2,0
203,0,3,45.5,0,0,2.1071782966514356,0,0
204,1,3,18.0,0,0,2.2027647577118348,2,0
205,0,3,29.69911764705882,0,1,2.4390808375825834,2,1
206,0,3,32.0,1,0,2.8243506567983707,2,0
207,1,3,26.0,0,0,2.9850504252071306,0,0
208,1,3,16.0,0,0,2.169053700369523,1,1
209,1,1,40.0,0,0,3.4657359027997265,0,0
210,0,3,24.0,0,0,2.0856720914304723,2,0
211,1,2,35.0,0,0,3.091042453358316,2,1
212,0,3,22.0,0,0,2.1102132003465894,2,0
213,0,2,30.0,0,0,2.6390573296152584,2,0
214,0,3,29.69911764705882,1,0,2.169053700369523,1,0
215,1,1,31.0,1,0,4.738607824217808,0,1
216,1,3,27.0,0,0,2.188856327665703,2,1
217,0,2,42.0,1,0,3.332204510175204,2,0
218,1,1,32.0,0,0,4.347586575960343,0,1
219,0,2,30.0,0,0,2.4423470353692043,2,0
220,1,3,16.0,0,0,2.2027647577118348,2,0
221,0,2,27.0,0,0,2.6390573296152584,2,0
222,0,3,51.0,0,0,2.2027647577118348,2,0
223,0,3,29.69911764705882,0,0,2.1855792552411137,2,0
224,1,1,38.0,1,0,4.51085950651685,2,0
225,0,3,22.0,0,0,2.336986519711378,2,0
226,1,2,19.0,0,0,2.4423470353692043,2,0
227,0,3,20.5,0,0,2.1102132003465894,2,0
228,0,2,18.0,0,0,2.6390573296152584,2,0
229,0,3,29.69911764705882,3,1,3.275887339030031,2,1
230,1,1,35.0,1,0,4.436455632600354,2,1
231,0,3,29.0,0,0,2.1719067693519296,2,0
232,0,2,29.69911764705882,0,0,2.6741486494265287,2,0
233,1,3,5.0,4,2,3.4777725458882283,2,1
234,0,2,24.0,0,0,2.4423470353692043,2,0
235,0,3,29.69911764705882,0,0,2.145931282948669,2,1
236,0,2,44.0,1,0,3.295836866004329,2,0
237,1,2,8.0,0,2,3.305053521109253,2,1
238,0,2,19.0,0,0,2.4423470353692043,2,0
239,0,2,33.0,0,0,2.5858825671280026,2,0
240,0,3,29.69911764705882,1,0,2.737880811060884,0,1
241,1,3,29.69911764705882,1,0,2.803360380906535,1,1
242,0,2,29.0,0,0,2.4423470353692043,2,0
243,0,3,22.0,0,0,2.094945728215801,2,0
244,0,3,30.0,0,0,2.1071782966514356,0,0
245,0,1,44.0,2,0,4.51085950651685,1,0
246,0,3,25.0,0,0,2.1719067693519296,2,1
247,1,2,24.0,0,2,2.740840023925201,2,1
248,1,1,37.0,1,1,3.9806942251907276,2,0
249,0,2,54.0,1,0,3.295836866004329,2,0
250,0,3,29.69911764705882,0,0,2.1102132003465894,2,0
251,0,3,29.0,1,1,2.4390808375825834,2,1
252,0,1,29.69911764705882,0,0,3.3160025355989236,2,0
253,0,3,30.0,1,0,2.8390784635086144,2,0
254,0,3,41.0,0,2,3.0545906305603445,2,1
255,1,3,29.0,0,2,2.7878344138303452,0,1
256,1,1,29.69911764705882,0,0,4.384523514872469,0,1
257,1,1,30.0,0,0,4.471638793363569,2,1
258,1,1,35.0,0,0,6.240917354759096,0,1
259,1,2,50.0,0,1,3.295836866004329,2,1
260,0,3,29.69911764705882,0,0,2.169053700369523,1,0
261,1,3,3.0,4,2,3.4777725458882283,2,0
262,0,1,52.0,1,1,4.390118804571218,2,0
263,0,1,40.0,0,0,0.0,2,0
264,0,3,29.69911764705882,0,0,2.169053700369523,1,1
265,0,2,36.0,0,0,2.4423470353692043,2,0
266,0,3,16.0,4,1,3.705920919968788,2,0
267,1,3,25.0,1,0,2.1719067693519296,2,0
268,1,1,29.69911764705882,0,1,5.039951348430309,2,1
269,1,1,35.0,0,0,4.91730069488021,2,1
270,0,1,29.69911764705882,0,0,3.4657359027997265,2,0
271,1,3,25.0,0,0,0.0,2,0
272,1,2,41.0,0,1,3.0204248861443626,2,1
273,0,1,37.0,0,1,3.4242626545931514,0,0
274,1,3,29.69911764705882,0,0,2.169053700369523,1,1
275,1,1,29.69911764705882,1,0,4.368919865004903,2,1
276,0,3,45.0,0,0,2.169053700369523,2,1
277,0,2,29.69911764705882,0,0,0.0,2,0
278,0,3,7.0,4,1,3.405355391810819,1,0
279,1,3,35.0,1,1,3.056356895370426,2,1
280,0,3,29.69911764705882,0,0,2.169053700369523,1,0
281,0,3,28.0,0,0,2.180891922715322,2,0
282,0,3,16.0,0,0,2.3513752571634776,2,0
283,1,3,19.0,0,0,2.2027647577118348,2,0
284,0,1,29.69911764705882,0,0,3.295836866004329,2,0
285,0,3,33.0,0,0,2.2682524139135403,0,0
286,1,3,30.0,0,0,2.3513752571634776,2,0
287,0,3,22.0,0,0,2.1855792552411137,2,0
288,1,2,42.0,0,0,2.6390573296152584,2,0
289,1,3,22.0,0,0,2.169053700369523,1,1
290,1,1,26.0,0,0,4.380149874661021,2,1
291,1,1,19.0,1,0,4.5226490762785785,0,1
292,0,2,36.0,0,0,2.630088659632498,0,0
293,0,3,24.0,0,0,2.2874714551839976,2,1
294,0,3,24.0,0,0,2.1855792552411137,2,0
295,0,1,29.69911764705882,0,0,3.357621598945279,0,0
296,0,3,23.5,0,0,2.1076888046179385,0,0
297,0,1,29.69911764705882,1,2,5.027492411162679,2,1
298,1,1,29.69911764705882,0,0,3.449987545831587,2,0
299,1,1,50.0,0,1,5.515526544247129,0,1
300,1,3,29.69911764705882,0,0,2.169053700369523,1,1
301,1,3,29.69911764705882,2,0,3.188416617383492,1,0
302,0,3,19.0,0,0,0.0,2,0
303,1,2,29.69911764705882,0,0,2.5915163848462583,1,1
304,0,3,29.69911764705882,0,0,2.2027647577118348,2,0
305,1,1,29.69911764705882,1,2,5.027492411162679,2,0
306,1,1,29.69911764705882,0,0,4.717456363787216,0,1
307,1,1,17.0,1,0,4.699570861409576,0,1
308,0,2,30.0,1,0,3.2188758248682006,0,0
309,1,1,30.0,0,0,4.0592215752427645,0,1
310,1,1,24.0,0,0,4.432699549165613,0,1
311,1,1,18.0,2,2,5.5735788721243535,0,1
312,0,2,26.0,1,1,3.295836866004329,2,1
313,0,3,28.0,0,0,2.1855792552411137,2,0
314,0,2,43.0,1,1,3.305053521109253,2,0
315,1,3,26.0,0,0,2.180891922715322,2,1
316,1,2,24.0,1,0,3.295836866004329,2,1
317,0,2,54.0,0,0,2.70805020110221,2,0
318,1,1,31.0,0,2,5.11118445372147,2,1
319,1,1,40.0,1,1,4.908971640319756,0,1
320,0,3,22.0,0,0,2.1102132003465894,2,0
321,0,3,27.0,0,0,2.1855792552411137,2,0
322,1,2,30.0,0,0,2.5915163848462583,1,1
323,1,2,22.0,1,1,3.4011973816621555,2,1
324,0,3,29.69911764705882,8,2,4.256321678298823,2,0
325,1,1,36.0,0,0,4.91730069488021,0,1
326,0,3,29.69911764705882,0,0,1.9792758428991135,2,0
327,1,2,36.0,0,0,2.6390573296152584,2,1
328,1,3,31.0,1,1,3.0692150503137943,2,1
329,1,1,16.0,0,1,4.077184839375167,0,1
330,1,3,29.69911764705882,2,0,3.188416617383492,1,1
331,0,1,45.5,0,0,3.3843902633457743,2,0
332,0,1,38.0,0,1,5.039951348430309,2,0
333,0,3,16.0,2,0,2.9444389791664403,2,0
334,1,1,29.69911764705882,1,0,4.902678819257608,2,1
335,0,3,29.69911764705882,0,0,2.1855792552411137,2,0
336,0,1,29.0,1,0,4.213607983048918,2,0
337,1,1,41.0,0,0,4.908971640319756,0,1
338,1,3,45.0,0,0,2.2027647577118348,2,0
339,0,1,45.0,0,0,3.597312260588446,2,0
340,1,2,29.69911764705882,1,1,3.295836866004329,2,0
341,1,1,24.0,3,2,5.575949103146316,2,1
342,0,2,28.0,0,0,2.6390573296152584,2,0
343,0,2,25.0,0,0,2.6390573296152584,2,0
344,0,2,36.0,0,0,2.6390573296152584,2,0
345,1,2,24.0,0,0,2.6390573296152584,2,1
346,1,2,40.0,0,0,2.6390573296152584,2,1
347,1,3,29.69911764705882,1,0,2.8390784635086144,2,1
348,1,3,3.0,1,1,2.8273136219290276,2,0
349,0,3,42.0,0,0,2.2682524139135403,2,0
350,0,3,23.0,0,0,2.3248357019288655,2,0
351,0,1,29.69911764705882,0,0,3.58351893845611,2,0
352,0,3,15.0,1,1,2.1076888046179385,0,0
353,0,3,25.0,1,0,2.9338568698359038,2,0
354,0,3,29.69911764705882,0,0,2.1071782966514356,0,0
355,0,3,28.0,0,0,2.3513752571634776,2,0
356,1,1,22.0,0,1,4.02535169073515,2,1
357,0,2,38.0,0,0,2.6390573296152584,2,1
358,1,3,29.69911764705882,0,0,2.1837114628556327,1,1
359,1,3,29.69911764705882,0,0,2.1837114628556327,1,1
360,0,3,40.0,1,4,3.3638415951183864,2,0
361,0,2,29.0,1,0,3.357621598945279,0,0
362,0,3,45.0,0,1,2.737880811060884,0,1
363,0,3,35.0,0,0,2.0856720914304723,2,0
364,0,3,29.69911764705882,1,0,2.803360380906535,1,0
365,0,3,30.0,0,0,2.1102132003465894,2,0
366,1,1,29.69911764705882,1,0,4.334017415487521,0,1
367,1,3,29.69911764705882,0,0,2.1076888046179385,0,1
368,1,3,29.69911764705882,0,0,2.169053700369523,1,1
369,1,1,24.0,0,0,4.252771798816619,0,1
370,1,1,25.0,1,0,4.0332082470129285,0,0
371,0,3,18.0,1,0,2.0143428636837015,2,0
372,0,3,19.0,0,0,2.2027647577118348,2,0
373,0,1,22.0,0,0,4.91730069488021,0,0
374,0,3,3.0,3,1,3.0944457464900235,2,1
375,1,1,29.69911764705882,1,0,4.420896324687287,0,1
376,1,3,22.0,0,0,2.1102132003465894,2,1
377,0,1,27.0,0,2,5.358941988364472,0,0
378,0,3,20.0,0,0,1.6119347926326877,0,0
379,0,3,19.0,0,0,2.1719067693519296,2,0
380,1,1,42.0,0,0,5.4316456135398825,0,1
381,1,3,29.69911764705882,0,2,2.817902613071225,0,1
382,0,3,32.0,0,0,2.188856327665703,2,0
383,1,1,35.0,1,0,3.970291913552122,2,1
384,0,3,29.69911764705882,0,0,2.1855792552411137,2,0
385,0,2,18.0,0,0,4.310799125385514,2,0
386,0,3,29.69911764705882,5,2,3.8691155044168695,2,0
387,1,2,36.0,0,0,2.6390573296152584,2,1
388,0,3,29.69911764705882,0,0,2.1666737276227077,1,0
389,1,2,17.0,0,0,2.5649493574615367,0,1
390,1,1,36.0,1,2,4.795790545596741,2,0
391,1,3,21.0,0,0,2.174274334826008,2,0
392,0,3,28.0,2,0,2.188856327665703,2,0
393,1,1,23.0,1,0,4.738607824217808,0,1
394,1,3,24.0,0,2,2.8735646395797834,2,1
395,0,3,22.0,0,0,2.174274334826008,2,0
396,0,3,31.0,0,0,2.180891922715322,2,1
397,0,2,46.0,0,0,3.295836866004329,2,0
398,0,2,23.0,0,0,2.4423470353692043,2,0
399,1,2,28.0,0,0,2.613739521630969,2,1
400,1,3,39.0,0,0,2.188856327665703,2,0
401,0,3,26.0,0,0,2.2027647577118348,2,0
402,0,3,21.0,1,0,2.3818582738885534,2,1
403,0,3,28.0,1,0,2.8243506567983707,2,0
404,0,3,20.0,0,0,2.2682524139135403,2,1
405,0,2,34.0,1,0,3.091042453358316,2,0
406,0,3,51.0,0,0,2.169053700369523,2,0
407,1,2,3.0,1,1,2.9831534913471307,2,0
408,0,3,21.0,0,0,2.1719067693519296,2,0
409,0,3,29.69911764705882,3,1,3.275887339030031,2,1
410,0,3,29.69911764705882,0,0,2.1855792552411137,2,0
411,0,3,29.69911764705882,0,0,2.061570298060867,1,0
412,1,1,33.0,1,0,4.51085950651685,1,1
413,0,2,29.69911764705882,0,0,0.0,2,0
414,1,3,44.0,0,0,2.188856327665703,2,0
415,0,3,29.69911764705882,0,0,2.2027647577118348,2,1
416,1,2,34.0,1,1,3.5115454388310208,2,1
417,1,2,18.0,0,2,2.6390573296152584,2,1
418,0,2,30.0,0,0,2.6390573296152584,2,0
419,0,3,10.0,0,2,3.224857896545748,2,1
420,0,3,29.69911764705882,0,0,2.1855792552411137,0,0
421,0,3,21.0,0,0,2.167143305297764,1,0
422,0,3,29.0,0,0,2.1832383353614797,2,0
423,0,3,28.0,1,1,2.7343675094195836,2,1
424,0,3,18.0,1,1,3.0545906305603445,2,0
425,0,3,29.69911764705882,0,0,2.1102132003465894,2,0
426,1,2,28.0,1,0,3.295836866004329,2,1
427,1,2,19.0,0,0,3.295836866004329,2,1
428,0,3,29.69911764705882,0,0,2.169053700369523,1,0
429,1,3,32.0,0,0,2.2027647577118348,2,0
430,1,1,28.0,0,0,3.3160025355989236,2,0
431,1,3,29.69911764705882,1,0,2.8390784635086144,2,1
432,1,2,42.0,1,0,3.295836866004329,2,1
433,0,3,17.0,0,0,2.094945728215801,2,0
434,0,1,50.0,1,0,4.041295341132285,2,0
435,1,1,14.0,1,2,4.795790545596741,2,1
436,0,3,21.0,2,2,3.5660053559634015,2,1
437,1,2,24.0,2,3,2.9831534913471307,2,1
438,0,1,29.69911764705882,1,4,5.575949103146316,2,0
439,0,2,31.0,0,0,2.4423470353692043,2,0
440,1,2,45.0,1,1,3.305053521109253,2,1
441,0,3,20.0,0,0,2.3513752571634776,2,0
442,0,3,25.0,1,0,2.1719067693519296,2,0
443,1,2,28.0,0,0,2.6390573296152584,2,1
444,1,3,29.69911764705882,0,0,2.2096470973347766,2,0
445,1,1,4.0,0,2,4.417131919904876,2,0
446,1,2,13.0,0,1,3.0204248861443626,2,1
447,1,1,34.0,0,0,3.3160025355989236,2,0
448,1,3,5.0,2,1,3.0085645861193133,0,1
449,1,1,52.0,0,0,3.449987545831587,2,0
450,0,2,36.0,1,2,3.3586377672433594,2,0
451,0,3,29.69911764705882,1,0,3.0429354648621407,2,0
452,0,1,30.0,0,0,3.3586377672433594,0,0
453,1,1,49.0,1,0,4.500966778400217,0,0
454,0,3,29.69911764705882,0,0,2.2027647577118348,2,0
455,1,3,29.0,0,0,2.1855792552411137,0,0
456,0,1,29.69911764705882,0,0,3.3160025355989236,2,0
457,1,1,29.69911764705882,1,0,3.967694202798607,2,1
458,1,2,50.0,0,0,2.4423470353692043,2,1
459,0,3,29.69911764705882,0,0,2.169053700369523,1,0
460,1,1,48.0,0,0,3.3160025355989236,2,0
461,0,3,34.0,0,0,2.2027647577118348,2,0
462,0,1,47.0,0,0,3.676300671907076,2,0
463,0,2,48.0,0,0,2.6390573296152584,2,0
464,0,3,29.69911764705882,0,0,2.2027647577118348,2,0
465,0,3,38.0,0,0,2.0856720914304723,2,0
466,0,2,29.69911764705882,0,0,0.0,2,0
467,0,1,29.69911764705882,0,0,3.3160025355989236,2,0
468,0,3,29.69911764705882,0,0,2.1661924680884908,1,0
469,1,3,29.69911764705882,2,1,3.0085645861193133,0,1
470,0,3,29.69911764705882,0,0,2.1102132003465894,2,0
471,0,3,38.0,0,0,2.2682524139135403,2,0
472,1,2,33.0,1,2,3.3586377672433594,2,1
473,1,2,23.0,0,0,2.694066212646058,0,1
474,0,3,22.0,0,0,2.3830123421066602,2,1
475,0,1,29.69911764705882,0,0,3.970291913552122,2,0
476,0,2,34.0,1,0,3.091042453358316,2,0
477,0,3,29.0,1,0,2.0851502161468174,2,0
478,0,3,22.0,0,0,2.142510233146819,2,0
479,1,3,29.69911764705882,0,1,2.586823743668066,2,1
480,0,3,9.0,5,2,3.8691155044168695,2,0
481,0,2,29.69911764705882,0,0,0.0,2,0
482,0,3,50.0,0,0,2.2027647577118348,2,0
483,1,3,29.69911764705882,0,0,2.3596740599781727,2,1
484,1,1,25.0,1,0,4.5226490762785785,0,0
485,0,3,29.69911764705882,3,1,3.275887339030031,2,1
486,1,1,35.0,1,0,4.51085950651685,2,1
487,0,1,29.69911764705882,0,0,3.4242626545931514,0,0
488,0,3,30.0,0,0,2.2027647577118348,2,0
489,1,3,9.0,1,1,2.8273136219290276,2,0
490,0,3,29.69911764705882,1,0,3.0429354648621407,2,0
491,0,3,21.0,0,0,2.1102132003465894,2,0
492,0,1,29.69911764705882,0,0,3.449987545831587,2,0
493,0,1,29.69911764705882,0,0,3.922056501139853,0,0
494,0,3,21.0,0,0,2.2027647577118348,2,0
495,0,3,29.69911764705882,0,0,2.738146075922933,0,0
496,1,1,54.0,1,0,4.37281811610993,0,1
497,0,3,29.69911764705882,0,0,2.7788192719904172,2,0
498,0,1,25.0,1,2,5.027492411162679,2,1
499,0,3,24.0,0,0,2.174274334826008,2,0
500,0,3,17.0,0,0,2.2682524139135403,2,0
501,0,3,21.0,0,0,2.169053700369523,1,1
502,0,3,29.69911764705882,0,0,2.155151800914312,1,1
503,0,3,37.0,0,0,2.3596740599781727,2,1
504,1,1,16.0,0,0,4.471638793363569,2,1
505,0,1,18.0,1,0,4.699570861409576,0,0
506,1,2,33.0,0,2,3.295836866004329,2,1
507,1,1,29.69911764705882,0,0,3.3160025355989236,2,0
508,0,3,28.0,0,0,3.1580636854714434,2,0
509,1,3,26.0,0,0,4.05171190165724,2,0
510,1,3,29.0,0,0,2.169053700369523,1,0
511,0,3,29.69911764705882,0,0,2.2027647577118348,2,0
512,1,1,36.0,0,0,3.3064287218760624,2,0
513,1,1,54.0,1,0,4.100989104940769,0,1
514,0,3,24.0,0,0,2.139571923732859,2,0
515,0,1,47.0,0,0,3.5559421706858756,2,0
516,1,2,34.0,0,0,2.4423470353692043,2,1
517,0,3,29.69911764705882,0,0,3.224857896545748,1,0
518,1,2,36.0,1,0,3.295836866004329,2,1
519,0,3,32.0,0,0,2.1855792552411137,2,0
520,1,1,30.0,0,0,4.548599834499697,2,1
521,0,3,22.0,0,0,2.1855792552411137,2,0
522,0,3,29.69911764705882,0,0,2.1071782966514356,0,0
523,1,1,44.0,0,1,4.077184839375167,0,1
524,0,3,29.69911764705882,0,0,2.1076888046179385,0,0
525,0,3,40.5,0,0,2.169053700369523,1,0
526,1,2,50.0,0,0,2.4423470353692043,2,1
527,0,1,29.69911764705882,0,0,5.406181146423973,2,0
528,0,3,39.0,0,0,2.188856327665703,2,0
529,0,2,23.0,2,1,2.5257286443082556,2,0
530,1,2,29.69911764705882,1,1,3.295836866004329,2,1
531,0,3,29.69911764705882,0,0,2.1076888046179385,0,0
532,0,3,17.0,1,1,2.1076888046179385,0,0
533,1,3,29.69911764705882,0,2,3.1509523813392697,0,1
534,0,3,30.0,0,0,2.2682524139135403,2,1
535,1,2,7.0,0,2,3.305053521109253,2,1
536,0,1,45.0,0,0,3.3160025355989236,2,0
537,1,1,30.0,0,0,4.676792929661059,0,1
538,0,3,29.69911764705882,0,0,2.740840023925201,2,0
539,1,1,22.0,0,2,3.9219733362813143,0,1
540,1,1,36.0,0,2,4.276666119016055,2,1
541,0,3,9.0,4,2,3.4742929367327062,2,1
542,0,3,11.0,4,2,3.4742929367327062,2,1
543,1,2,32.0,1,0,3.295836866004329,2,0
544,0,1,50.0,1,0,4.676792929661059,0,0
545,0,1,29.69911764705882,0,0,3.295836866004329,2,0
546,1,2,19.0,1,0,3.295836866004329,2,1
547,1,2,29.69911764705882,0,0,2.6988412620169004,0,0
548,0,3,33.0,1,1,3.0692150503137943,2,0
549,1,2,8.0,1,1,3.6309854756950335,2,0
550,1,1,17.0,0,2,4.717456363787216,0,0
551,0,2,27.0,0,0,3.295836866004329,2,0
552,0,3,29.69911764705882,0,0,2.17806441028492,1,0
553,1,3,22.0,0,0,2.1071782966514356,0,0
554,1,3,22.0,0,0,2.1719067693519296,2,1
555,0,1,29.69911764705882,0,0,3.3160025355989236,2,0
556,1,1,48.0,1,0,3.703768066607687,0,1
557,0,1,29.69911764705882,0,0,5.4316456135398825,0,0
558,1,1,39.0,1,1,4.390118804571218,2,1
559,1,3,36.0,1,0,2.91235066461494,2,1
560,0,3,29.69911764705882,0,0,2.169053700369523,1,0
561,0,3,40.0,0,0,2.1855792552411137,2,0
562,0,2,28.0,0,0,2.6741486494265287,2,0
563,0,3,29.69911764705882,0,0,2.2027647577118348,2,0
564,0,3,29.69911764705882,0,0,2.2027647577118348,2,1
565,0,3,24.0,2,0,3.224857896545748,2,0
566,0,3,19.0,0,0,2.1855792552411137,2,0
567,0,3,29.0,0,4,3.0944457464900235,2,1
568,0,3,29.69911764705882,0,0,2.1076888046179385,0,0
569,1,3,32.0,0,0,2.180891922715322,2,0
570,1,2,29.69911764705882,0,0,2.4423470353692043,2,0
571,1,1,53.0,2,0,3.960416900617205,2,1
572,1,1,36.0,0,0,3.3100867049215847,2,0
573,1,3,29.69911764705882,0,0,2.169053700369523,1,1
574,0,3,16.0,0,0,2.2027647577118348,2,0
575,0,3,19.0,0,0,2.740840023925201,2,0
576,1,2,34.0,0,0,2.6390573296152584,2,1
577,1,1,39.0,1,0,4.041295341132285,2,1
578,0,3,29.69911764705882,1,0,2.738146075922933,0,1
579,1,3,32.0,0,0,2.188856327665703,2,0
580,1,2,25.0,1,1,3.4339872044851463,2,1
581,1,1,39.0,1,1,4.717456363787216,0,1
582,0,2,54.0,0,0,3.295836866004329,2,0
583,0,1,36.0,0,0,3.716616209085536,0,0
584,0,3,29.69911764705882,0,0,2.2734137156937657,0,0
585,1,1,18.0,0,2,4.390118804571218,2,1
586,0,2,47.0,0,0,2.772588722239781,2,0
587,1,1,29.69911764705882,1,1,4.384523514872469,0,0
588,0,3,22.0,0,0,2.2027647577118348,2,0
589,0,3,29.69911764705882,0,0,2.2027647577118348,2,0
590,0,3,35.0,0,0,2.094945728215801,2,0
591,1,1,52.0,1,0,4.37281811610993,0,1
592,0,3,47.0,0,0,2.1102132003465894,2,0
593,0,3,29.69911764705882,0,2,2.169053700369523,1,1
594,0,2,37.0,1,0,3.295836866004329,2,0
595,0,3,36.0,1,1,3.224857896545748,2,0
596,1,2,29.69911764705882,0,0,3.5263605246161616,2,1
597,0,3,49.0,0,0,0.0,2,0
598,0,3,29.69911764705882,0,0,2.1071782966514356,0,0
599,1,1,49.0,1,0,4.0592215752427645,0,0
600,1,2,24.0,2,1,3.332204510175204,2,1
601,0,3,29.69911764705882,0,0,2.1855792552411137,2,0
602,0,1,29.69911764705882,0,0,3.770459441106359,2,0
603,0,3,44.0,0,0,2.2027647577118348,2,0
604,1,1,35.0,0,0,3.3160025355989236,0,0
605,0,3,36.0,1,0,2.806386101823072,2,0
606,0,3,30.0,0,0,2.1855792552411137,2,0
607,1,1,27.0,0,0,3.449987545831587,2,0
608,1,2,22.0,1,2,3.7513658711253766,0,1
609,1,1,40.0,0,0,5.039951348430309,2,1
610,0,3,39.0,1,5,3.4742929367327062,2,1
611,0,3,29.69911764705882,0,0,2.0856720914304723,2,0
612,1,3,29.69911764705882,1,0,2.803360380906535,1,1
613,0,3,29.69911764705882,0,0,2.169053700369523,1,0
614,0,3,35.0,0,0,2.2027647577118348,2,0
615,1,2,24.0,1,2,4.189654742026425,2,1
616,0,3,34.0,1,1,2.7343675094195836,2,0
617,0,3,26.0,1,0,2.8390784635086144,2,1
618,1,2,4.0,2,1,3.6888794541139363,2,1
619,0,2,26.0,0,0,2.4423470353692043,2,0
620,0,3,27.0,1,0,2.737880811060884,0,0
621,1,1,42.0,1,0,3.9806942251907276,2,0
622,1,3,20.0,1,1,2.817902613071225,0,0
623,0,3,21.0,0,0,2.180891922715322,2,0
624,0,3,21.0,0,0,2.8390784635086144,2,0
625,0,1,29.69911764705882,0,0,3.5061818266142577,2,0
626,0,2,29.69911764705882,0,0,2.5915163848462583,1,0
627,1,1,21.0,0,0,4.368919865004903,2,1
628,0,3,26.0,0,0,2.1855792552411137,2,0
629,0,3,29.69911764705882,0,0,2.167143305297764,1,0
630,1,1,29.69911764705882,0,0,3.4339872044851463,2,0
631,0,3,51.0,0,0,2.086193694502369,2,0
632,1,1,32.0,0,0,3.449987545831587,0,0
633,0,1,29.69911764705882,0,0,0.0,2,0
634,0,3,9.0,3,2,3.3638415951183864,2,1
635,1,2,28.0,0,0,2.6390573296152584,2,1
636,0,3,32.0,0,0,2.188856327665703,2,0
637,0,2,31.0,1,1,3.305053521109253,2,0
638,0,3,41.0,0,5,3.705920919968788,2,1
639,0,3,29.69911764705882,1,0,2.8390784635086144,2,0
640,0,3,20.0,0,0,2.180891922715322,2,0
641,1,1,24.0,0,0,4.252771798816619,0,1
642,0,3,29.69911764705882,3,2,3.3638415951183864,2,1
643,1,3,29.69911764705882,0,0,4.05171190165724,2,0
644,1,3,29.69911764705882,2,1,3.0085645861193133,0,1
645,1,1,48.0,1,0,4.353230991152628,0,0
646,0,3,19.0,0,0,2.1855792552411137,2,0
647,1,1,29.69911764705882,0,0,3.597312260588446,0,0
648,0,3,29.69911764705882,0,0,2.145931282948669,2,0
649,1,3,23.0,0,0,2.145931282948669,2,1
650,0,3,29.69911764705882,0,0,2.1855792552411137,2,0
651,1,2,18.0,0,1,3.1780538303479458,2,1
652,0,3,21.0,0,0,2.2442459824059346,2,0
653,1,3,29.69911764705882,0,0,2.17806441028492,1,1
654,0,3,18.0,0,0,2.0476928433652555,1,1
655,0,2,24.0,2,0,4.310799125385514,2,0
656,0,3,29.69911764705882,0,0,2.1855792552411137,2,0
657,0,3,32.0,1,1,2.803360380906535,1,1
658,0,2,23.0,0,0,2.6390573296152584,2,0
659,0,1,29.69911764705882,0,2,4.738607824217808,0,0
660,1,1,50.0,2,0,4.902678819257608,2,0
661,0,3,40.0,0,0,2.1071782966514356,0,0
662,0,1,47.0,0,0,3.2804411805263554,2,0
663,0,3,36.0,0,0,2.139571923732859,2,0
664,1,3,20.0,1,0,2.188856327665703,2,0
665,0,2,32.0,2,0,4.310799125385514,2,0
666,0,2,25.0,0,0,2.6390573296152584,2,0
667,0,3,29.69911764705882,0,0,2.1719067693519296,2,0
668,0,3,43.0,0,0,2.2027647577118348,2,0
669,1,1,29.69911764705882,1,0,3.970291913552122,2,1
670,1,2,40.0,1,1,3.6888794541139363,2,1
671,0,1,31.0,1,0,3.970291913552122,2,0
672,0,2,29.69911764705882,0,0,2.4423470353692043,2,0
673,1,2,31.0,0,0,2.6390573296152584,2,0
674,0,2,29.69911764705882,0,0,0.0,2,0
675,0,3,18.0,0,0,2.1719067693519296,2,0
676,0,3,24.5,0,0,2.2027647577118348,2,0
677,1,3,18.0,0,0,2.3833998102837652,2,1
678,0,3,43.0,1,6,3.8691155044168695,2,1
679,1,1,36.0,0,1,6.240917354759096,0,0
680,0,3,29.69911764705882,0,0,2.212386825075897,1,1
681,1,1,27.0,0,0,4.353230991152628,0,0
682,0,3,20.0,0,0,2.3248357019288655,2,0
683,0,3,14.0,5,2,3.8691155044168695,2,0
684,0,2,29.69911764705882,1,1,3.6888794541139363,2,0
685,0,2,25.0,1,2,3.7513658711253766,0,0
686,0,3,14.0,4,1,3.705920919968788,2,0
687,0,3,19.0,0,0,2.4133032309283076,2,0
688,0,3,18.0,0,0,2.174274334826008,2,0
689,1,1,15.0,0,1,5.35817698994543,2,1
690,1,1,31.0,1,0,4.060443010546419,2,0
691,1,3,4.0,0,1,2.668387256845834,0,1
692,1,3,29.69911764705882,0,0,4.05171190165724,2,0
693,0,3,25.0,0,0,2.1071782966514356,0,0
694,0,1,29.69911764705882,0,0,3.3160025355989236,2,0
695,0,2,52.0,0,0,2.6741486494265287,2,0
696,0,3,44.0,0,0,2.2027647577118348,2,0
697,1,3,29.69911764705882,0,0,2.167143305297764,1,1
698,0,1,49.0,1,1,4.717456363787216,0,0
699,0,3,42.0,0,0,2.157559320943788,2,0
700,1,1,18.0,1,0,5.4316456135398825,0,1
701,1,1,35.0,0,0,3.3064287218760624,2,0
702,0,3,18.0,0,1,2.737880811060884,0,1
703,0,3,25.0,0,0,2.1681046787623672,1,0
704,0,3,26.0,1,0,2.180891922715322,2,0
705,0,2,39.0,0,0,3.295836866004329,2,0
706,1,2,45.0,0,0,2.6741486494265287,2,1
707,1,1,42.0,0,0,3.3064287218760624,2,0
708,1,1,22.0,0,0,5.027492411162679,2,1
709,1,3,29.69911764705882,1,1,2.7878344138303452,0,0
710,1,1,24.0,0,0,3.922056501139853,0,1
711,0,1,29.69911764705882,0,0,3.3160025355989236,2,0
712,1,1,48.0,1,0,3.970291913552122,2,0
713,0,3,29.0,0,0,2.3497835148230464,2,0
714,0,2,52.0,0,0,2.6390573296152584,2,0
715,0,3,19.0,0,0,2.157559320943788,2,0
716,1,1,38.0,0,0,5.4316456135398825,0,1
717,1,2,27.0,0,0,2.4423470353692043,2,1
718,0,3,29.69911764705882,0,0,2.803360380906535,1,0
719,0,3,33.0,0,0,2.1719067693519296,2,0
720,1,2,6.0,0,1,3.5263605246161616,2,1
721,0,3,17.0,1,0,2.086193694502369,2,0
722,0,2,34.0,0,0,2.6390573296152584,2,0
723,0,2,50.0,0,0,2.6390573296152584,2,0
724,1,1,27.0,1,0,3.9908341858524357,2,0
725,0,3,20.0,0,0,2.2682524139135403,2,0
726,1,2,30.0,3,0,3.091042453358316,2,1
727,1,3,29.69911764705882,0,0,2.1676241075599285,1,1
728,0,2,25.0,1,0,3.295836866004329,2,0
729,0,3,25.0,1,0,2.188856327665703,2,1
730,1,1,29.0,0,0,5.35817698994543,2,1
731,0,3,11.0,0,0,2.9850504252071306,0,0
732,0,2,29.69911764705882,0,0,0.0,2,0
733,0,2,23.0,0,0,2.6390573296152584,2,0
734,0,2,23.0,0,0,2.6390573296152584,2,0
735,0,3,28.5,0,0,2.8390784635086144,2,0
736,0,3,48.0,1,3,3.5660053559634015,2,1
737,1,1,35.0,0,0,6.240917354759096,0,0
738,0,3,29.69911764705882,0,0,2.1855792552411137,2,0
739,0,3,29.69911764705882,0,0,2.1855792552411137,2,0
740,1,1,29.69911764705882,0,0,3.4339872044851463,2,0
741,0,1,36.0,1,0,4.380149874661021,2,0
742,1,1,21.0,2,2,5.5735788721243535,0,1
743,0,3,24.0,1,0,2.8390784635086144,2,0
744,1,3,31.0,0,0,2.188856327665703,2,0
745,0,1,29.69911764705882,1,1,4.276666119016055,2,0
746,0,3,16.0,1,1,3.056356895370426,2,0
747,1,2,30.0,0,0,2.6390573296152584,2,1
748,0,1,19.0,1,0,3.9908341858524357,2,0
749,0,3,31.0,0,0,2.169053700369523,1,0
750,1,2,4.0,1,1,3.1780538303479458,2,1
751,1,3,6.0,0,1,2.600836116795061,2,0
752,0,3,33.0,0,0,2.3513752571634776,2,0
753,0,3,23.0,0,0,2.1855792552411137,2,0
754,1,2,48.0,1,2,4.189654742026425,2,1
755,1,2,29.69911764705882,1,1,2.740840023925201,2,0
756,0,3,28.0,0,0,2.174274334826008,2,0
757,0,2,18.0,0,0,2.5257286443082556,2,0
758,0,3,34.0,0,0,2.2027647577118348,2,0
759,1,1,33.0,0,0,4.471638793363569,2,1
760,0,3,29.69911764705882,0,0,2.740840023925201,2,0
761,0,3,41.0,0,0,2.094945728215801,2,0
762,1,3,20.0,0,0,2.1076888046179385,0,0
763,1,1,36.0,1,2,4.795790545596741,2,1
764,0,3,16.0,0,0,2.1719067693519296,2,0
765,1,1,51.0,1,0,4.368919865004903,2,1
766,0,1,29.69911764705882,0,0,3.703768066607687,0,0
767,0,3,30.5,0,0,2.169053700369523,1,1
768,0,3,29.69911764705882,1,0,3.224857896545748,1,0
769,0,3,32.0,0,0,2.236712348843338,2,0
770,0,3,24.0,0,0,2.3513752571634776,2,0
771,0,3,48.0,0,0,2.180891922715322,2,0
772,0,2,29.69911764705882,0,0,2.4423470353692043,2,1
773,0,3,29.69911764705882,0,0,2.1071782966514356,0,0
774,1,2,54.0,1,3,3.1780538303479458,2,1
775,0,3,18.0,0,0,2.169053700369523,2,0
776,0,3,29.69911764705882,0,0,2.169053700369523,1,0
777,1,3,5.0,0,0,2.600836116795061,2,1
778,0,3,29.69911764705882,0,0,2.1676241075599285,1,0
779,1,1,43.0,0,1,5.35817698994543,2,1
780,1,3,13.0,0,0,2.1076888046179385,0,1
781,1,1,17.0,1,0,4.060443010546419,2,1
782,0,1,29.0,0,0,3.4339872044851463,2,0
783,0,3,29.69911764705882,1,2,3.196630215920881,2,0
784,0,3,25.0,0,0,2.0856720914304723,2,0
785,0,3,25.0,0,0,2.1102132003465894,2,0
786,1,3,18.0,0,0,2.139571923732859,2,1
787,0,3,8.0,4,1,3.405355391810819,1,0
788,1,3,29.69911764705882,1,2,3.0715352369694915,2,0
789,0,1,46.0,0,0,4.384523514872469,0,0
790,0,3,29.69911764705882,0,0,2.169053700369523,1,0
791,0,2,16.0,0,0,3.295836866004329,2,0
792,0,3,29.69911764705882,8,2,4.256321678298823,2,1
793,0,1,29.69911764705882,0,0,3.4561841799918147,0,0
794,0,3,25.0,0,0,2.1855792552411137,2,0
795,0,2,39.0,0,0,2.6390573296152584,2,0
796,1,1,49.0,0,0,3.2932111997353943,2,1
797,1,3,31.0,0,0,2.270402752283094,2,1
798,0,3,30.0,0,0,2.1076888046179385,0,0
799,0,3,30.0,1,1,3.224857896545748,2,1
800,0,2,34.0,0,0,2.6390573296152584,2,0
801,1,2,31.0,1,1,3.305053521109253,2,1
802,1,1,11.0,1,2,4.795790545596741,2,0
803,1,3,29.69911764705882,0,1,2.2530481500547457,0,0
804,1,3,27.0,0,0,2.076311648670908,2,0
805,0,3,31.0,0,0,2.1719067693519296,2,0
806,0,1,39.0,0,0,0.0,2,0
807,0,3,18.0,0,0,2.1719067693519296,2,1
808,0,2,39.0,0,0,2.6390573296152584,2,0
809,1,1,33.0,1,0,3.9908341858524357,2,1
810,0,3,26.0,0,0,2.184645795129359,2,0
811,0,3,39.0,0,0,3.224857896545748,2,0
812,0,2,35.0,0,0,2.4423470353692043,2,0
813,0,3,6.0,4,2,3.4742929367327062,2,1
814,0,3,30.5,0,0,2.2027647577118348,2,0
815,0,1,29.69911764705882,0,0,0.0,2,0
816,0,3,23.0,0,0,2.188856327665703,2,1
817,0,2,31.0,1,1,3.637696679934592,0,0
818,0,3,43.0,0,0,2.0082140323914683,2,0
819,0,3,10.0,3,2,3.3638415951183864,2,0
820,1,1,52.0,1,1,4.548599834499697,2,1
821,1,3,27.0,0,0,2.2682524139135403,2,0
822,0,1,38.0,0,0,0.0,2,0
823,1,3,27.0,0,1,2.600836116795061,2,1
824,0,3,29.69911764705882,4,1,3.705920919968788,2,0
825,0,3,29.69911764705882,0,0,2.0731719286662407,1,0
826,0,3,29.69911764705882,0,0,4.05171190165724,2,0
827,1,2,29.69911764705882,0,2,3.637696679934592,0,0
828,1,3,29.69911764705882,0,0,2.169053700369523,1,0
829,1,1,29.69911764705882,0,0,4.394449154672439,3,1
830,1,3,15.0,1,0,2.737880811060884,0,1
831,1,2,29.69911764705882,1,1,2.9831534913471307,2,0
832,0,3,29.69911764705882,0,0,2.1076888046179385,0,0
833,0,3,23.0,0,0,2.180891922715322,2,0
834,0,3,18.0,0,0,2.2300144001592104,2,0
835,1,1,39.0,1,1,4.432699549165613,0,1
836,0,3,21.0,0,0,2.2682524139135403,2,0
837,0,3,29.69911764705882,0,0,2.2027647577118348,2,0
838,1,3,32.0,0,0,4.05171190165724,2,0
839,1,1,29.69911764705882,0,0,3.4242626545931514,0,0
840,0,3,20.0,0,0,2.188856327665703,2,0
841,0,2,16.0,0,0,2.4423470353692043,2,0
842,1,1,30.0,0,0,3.4657359027997265,0,1
843,0,3,34.5,0,0,2.006534770871748,0,0
844,0,3,17.0,0,0,2.2682524139135403,2,0
845,0,3,42.0,0,0,2.145931282948669,2,0
846,0,3,29.69911764705882,8,2,4.256321678298823,2,0
847,0,3,35.0,0,0,2.1855792552411137,0,0
848,0,2,28.0,0,1,3.5263605246161616,2,0
849,1,1,29.69911764705882,1,0,4.500966778400217,0,1
850,0,3,4.0,4,2,3.4742929367327062,2,0
851,0,3,29.69911764705882,0,0,2.1719067693519296,2,0
852,0,3,9.0,1,1,2.7878344138303452,0,1
853,1,1,16.0,0,1,3.6988297849671046,2,1
854,0,2,44.0,1,0,3.295836866004329,2,1
855,1,3,18.0,0,1,2.336986519711378,2,1
856,1,1,45.0,1,1,5.11118445372147,2,1
857,1,1,51.0,0,0,3.3160025355989236,2,0
858,1,3,24.0,0,3,3.0085645861193133,0,1
859,0,3,29.69911764705882,0,0,2.1076888046179385,0,0
860,0,3,41.0,2,0,2.7152442616824506,2,0
861,0,2,21.0,1,0,2.5257286443082556,2,0
862,1,1,48.0,0,0,3.2932111997353943,2,1
863,0,3,29.69911764705882,8,2,4.256321678298823,2,1
864,0,2,24.0,0,0,2.6390573296152584,2,0
865,1,2,42.0,0,0,2.6390573296152584,2,1
866,1,2,27.0,1,0,2.698558631668595,0,1
867,0,1,31.0,0,0,3.941500250945973,2,0
868,0,3,29.69911764705882,0,0,2.3513752571634776,2,0
869,1,3,4.0,1,1,2.495953738718064,2,0
870,0,3,26.0,0,0,2.1855792552411137,2,0
871,1,1,47.0,1,1,3.9806942251907276,2,1
872,0,1,33.0,0,0,1.791759469228055,2,0
873,0,3,47.0,0,0,2.302585092994046,2,0
874,1,2,28.0,1,0,3.2188758248682006,0,1
875,1,3,15.0,0,0,2.1071782966514356,0,1
876,0,3,20.0,0,0,2.3837779082709782,2,0
877,0,3,19.0,0,0,2.1855792552411137,2,0
878,0,3,29.69911764705882,0,0,2.1855792552411137,2,0
879,1,1,29.69911764705882,0,1,4.432699549165613,0,1
880,1,2,25.0,0,1,3.295836866004329,2,1
881,0,3,33.0,0,0,2.1855792552411137,2,0
882,0,3,22.0,0,0,2.4437981558973862,2,1
883,0,2,28.0,0,0,2.4423470353692043,2,0
884,0,3,25.0,0,0,2.0856720914304723,2,0
885,0,3,39.0,0,5,3.405355391810819,1,1
886,0,2,27.0,0,0,2.6390573296152584,2,0
887,1,1,19.0,0,0,3.4339872044851463,2,1
888,0,3,29.69911764705882,1,2,3.196630215920881,2,1
889,1,1,26.0,0,0,3.4339872044851463,0,0
890,0,3,32.0,0,0,2.169053700369523,1,0
